Model,Seed,No_of_Hidden_Layers,No_of_Hidden_Units,Batch_Size,Num_Epochs,Learning_Rate,Training_Loss,Training_Accuracy,Testing_Loss,Testing_Accuracy,True_positive,True_negative,False_positive,False_negative,Precision_PositivePredictedValue,Recall_TruePositiveRate,F1_score_positive_class,NegativePredictedValue,Specificity_TrueNegativeRate,F1_score_negative_class,ROC_AUC_score,Cohen_kappa_score,Balanced_accuracy,Matthews_correlation_coefficient
134,1918,4,80,56,155,0.00998679,0.012323181,62.2,0.014154139,62.2,26,46,15,27,0.608738309,0.470891692,0.50833953,0.631471218,0.752553327,0.681781215,0.611722509,0.224066341,0.611722509,0.230030053
149,5289,4,160,256,90,0.003183703,0.002892179,59.4,0.00576326,61.4,24,48,14,29,0.616235874,0.43425989,0.498607175,0.617399212,0.7750817,0.683725708,0.604670795,0.210294214,0.604670795,0.220728803
137,1572,2,75,64,185,0.002762355,0.013473752,57,0.012407945,61,26,45,17,27,0.60362782,0.482632441,0.522593469,0.623317806,0.723965631,0.665900453,0.603299036,0.208278282,0.603299036,0.215493331
143,2939,1,185,128,120,0.00426225,0.006018414,58.8,0.00666811,62,19,53,9,34,0.743760917,0.354921072,0.432100846,0.606428587,0.842066386,0.702527344,0.598493729,0.201632547,0.598493729,0.234511523
129,5114,1,45,128,200,0.004777518,0.005532488,62.2,0.006666495,61.2,21,50,12,32,0.631714137,0.399105342,0.481584877,0.608721805,0.795739094,0.689117127,0.597422218,0.199753322,0.597422218,0.215154216
91,9984,4,110,256,110,0.001288991,0.002891988,58.4,0.005733295,61.2,21,51,11,32,0.720659341,0.376855516,0.445440093,0.608030694,0.819648246,0.694035643,0.598251881,0.199201435,0.598251881,0.231343441
53,2127,3,85,256,90,0.001430496,0.002908034,57.8,0.005778757,61.2,22,49,13,31,0.516552594,0.402221756,0.447257655,0.614604824,0.796311208,0.687100672,0.599266482,0.198751378,0.599266482,0.206960079
75,6257,2,170,256,115,0.000985605,0.002880667,57,0.005725067,61,20,51,11,33,0.659756402,0.369939613,0.437695753,0.609129822,0.826474501,0.695557337,0.598207057,0.197389897,0.598207057,0.220889353
88,1870,2,80,48,175,0.001491759,0.01578784,54.8,0.017131166,60.2,26,44,18,27,0.589536546,0.480673049,0.523981373,0.61793429,0.71661065,0.660724332,0.59864185,0.196958408,0.59864185,0.202228584
141,7557,4,160,256,140,0.00188198,0.002858394,60.2,0.005712133,61,20,51,10,33,0.646750227,0.363649053,0.451673224,0.603896821,0.82930237,0.696674093,0.596475712,0.196765133,0.596475712,0.217727219
66,6670,2,185,256,165,0.00424333,0.002868613,58.6,0.005726161,60.8,21,50,12,32,0.711803945,0.37811707,0.439436134,0.609812302,0.815281221,0.691716878,0.596699146,0.194933939,0.596699146,0.226223942
150,895,4,125,256,175,0.000924949,0.00284259,60.2,0.005708718,60.8,19,52,10,34,0.624718054,0.34955882,0.431351383,0.603968941,0.840098371,0.699170486,0.594828596,0.191276781,0.594828596,0.207846674
70,309,2,140,256,145,0.002997493,0.002870112,57.6,0.005717426,60.6,21,50,12,32,0.712932331,0.376079357,0.44006697,0.606154996,0.812259388,0.688934079,0.594169373,0.190201705,0.594169373,0.222410945
51,6323,3,140,8,110,0.006596895,0.086615529,58.4,0.08562914,60.4,25,46,16,28,0.509974922,0.447951795,0.462124698,0.619152019,0.743845032,0.662484711,0.595898413,0.189795014,0.595898413,0.201942935
148,239,4,160,256,140,0.001712313,0.002871378,60.6,0.00572763,60.2,21,49,12,32,0.618332957,0.386326497,0.465483938,0.604177237,0.800186644,0.685786876,0.59325657,0.18868966,0.59325657,0.202904057
58,4967,2,75,256,185,0.003581936,0.002892284,58.4,0.005732289,60.4,21,49,13,32,0.702486138,0.387656274,0.444894366,0.607681891,0.798788392,0.684702949,0.593222333,0.187930368,0.593222333,0.217240078
139,2600,3,145,8,75,0.007239649,0.088441782,53.8,0.086083173,60.4,24,46,16,29,0.494485786,0.441558214,0.457402405,0.618180532,0.746066749,0.664236688,0.593812482,0.186170378,0.593812482,0.192374257
60,7370,2,185,256,165,0.006126939,0.002840203,60,0.005710167,59.8,22,48,14,31,0.600045359,0.39999611,0.471362712,0.605768183,0.783406983,0.679725721,0.591701546,0.183651995,0.591701546,0.194135216
67,6182,2,185,256,140,0.00199353,0.002878318,59.4,0.005701326,60.4,20,50,12,33,0.601895327,0.370764994,0.443966996,0.602782562,0.810409622,0.688763133,0.590587308,0.183107983,0.590587308,0.192444075
92,7567,2,50,56,200,0.002637207,0.013563664,55.6,0.014384596,60.6,26,44,18,27,0.620074858,0.491048101,0.507849682,0.624097952,0.686661145,0.639965301,0.588854623,0.182379387,0.588854623,0.204032857
55,270,3,100,256,170,0.009628679,0.00281618,58.6,0.005735071,59.6,27,43,19,26,0.602770875,0.491487545,0.522496131,0.607861377,0.688624992,0.636677027,0.590056268,0.182338133,0.590056268,0.194101581
138,1111,2,120,256,100,0.005535477,0.003119012,57.2,0.005757316,60.4,21,49,13,32,0.502424436,0.389567164,0.435232299,0.607603803,0.791441266,0.681492338,0.590504215,0.181368224,0.590504215,0.187739231
76,1672,2,190,128,175,0.003671307,0.005810882,57.6,0.006633884,59.8,21,48,13,32,0.598941106,0.393688971,0.459581052,0.605347656,0.787253137,0.680029755,0.590471054,0.181089875,0.590471054,0.191740757
38,7720,1,120,48,75,0.000115744,0.014656263,58,0.01733141,59.8,24,46,16,29,0.581477814,0.432493844,0.480171117,0.610235549,0.748139708,0.668033015,0.590316776,0.180719769,0.590316776,0.185612669
69,4353,2,35,256,140,0.002005222,0.002969558,57.2,0.0057667,60.6,20,51,11,33,0.514642221,0.3606939,0.421492227,0.602450332,0.818302092,0.689766145,0.589497996,0.180578315,0.589497996,0.190049607
46,8714,3,90,256,105,0.001740749,0.002897569,59,0.005771712,60.2,21,49,13,32,0.50420982,0.388169368,0.433870019,0.606985513,0.791897589,0.680871594,0.590033479,0.180380965,0.590033479,0.187766683
33,5837,2,200,64,40,0.002532205,0.013191407,54,0.012530002,60.2,23,47,14,30,0.489112924,0.414209358,0.447580472,0.610384529,0.764229701,0.6730195,0.589219529,0.179158256,0.589219529,0.181377189
17,1777,2,140,256,175,0.002560259,0.002928119,58,0.005711496,60.2,21,49,13,32,0.504908775,0.378511223,0.428863254,0.60479494,0.799244715,0.682868235,0.588877969,0.178125563,0.588877969,0.185895415
72,9340,2,185,256,55,0.000726801,0.00291475,55.4,0.005796753,59.8,23,47,15,30,0.624296353,0.417643773,0.457632296,0.608018651,0.759122459,0.668013038,0.588383116,0.177440688,0.588383116,0.193335647
68,3002,2,115,256,140,0.002153139,0.002915907,58.6,0.005760819,60,22,48,14,31,0.633470688,0.39391496,0.446840744,0.603844947,0.782295563,0.675705643,0.588105261,0.177312224,0.588105261,0.195421855
145,9686,2,25,256,25,0.002621914,0.00345064,51.4,0.005837156,60.4,19,51,11,34,0.525472974,0.348559814,0.413197717,0.599027878,0.825035159,0.68954656,0.586797487,0.176430593,0.586797487,0.190355648
64,2112,2,175,128,85,0.007869268,0.005811418,58.2,0.006631455,60.2,22,48,13,31,0.632797947,0.397385581,0.450526803,0.60223433,0.774083025,0.672434964,0.585734303,0.175341519,0.585734303,0.191881839
74,3629,4,40,8,195,0.00158255,0.081150099,62.4,0.085178249,59.4,23,46,16,30,0.603270087,0.43066065,0.483990733,0.605360568,0.741359352,0.66079815,0.586010001,0.174492179,0.586010001,0.187689648
54,1024,3,100,256,170,0.00339374,0.002881819,58.8,0.005731423,60,20,50,12,33,0.509698682,0.367337319,0.420454049,0.602121892,0.806147274,0.683105619,0.586742296,0.173885866,0.586742296,0.184482072
115,6682,2,20,128,180,0.001346915,0.00654266,59.4,0.006647192,59.8,23,47,15,30,0.492083209,0.408635943,0.441894782,0.607849519,0.76501229,0.669932118,0.586824116,0.173758068,0.586824116,0.17905302
20,7311,1,25,256,115,0.000123478,0.002945663,54,0.005857252,60.2,20,50,12,33,0.512760483,0.367364249,0.424782705,0.598263763,0.803683448,0.681429881,0.585523849,0.173680152,0.585523849,0.182978439
99,9803,3,185,64,85,0.003922856,0.011695646,57.4,0.01234864,59.8,23,47,15,30,0.490132417,0.418144769,0.44574211,0.609152963,0.754063415,0.664804976,0.586104092,0.172423197,0.586104092,0.178020279
110,5791,2,65,256,55,0.000450785,0.002926047,56.2,0.005850998,60,21,49,13,32,0.509391053,0.37337738,0.420052983,0.603566021,0.798858497,0.679593324,0.586117939,0.172317026,0.586117939,0.184060398
132,6916,3,155,256,190,0.000835801,0.002922513,57,0.00572572,59.8,19,50,12,34,0.506482335,0.354499316,0.40839548,0.601958121,0.816983617,0.686163634,0.585741467,0.171280672,0.585741467,0.181797663
128,7317,2,150,256,95,0.003718955,0.003154069,57.2,0.005774955,59.8,21,49,13,32,0.501231659,0.374610046,0.423899537,0.601925935,0.795743743,0.679302723,0.585176894,0.170644505,0.585176894,0.178843532
7,931,3,25,40,175,0.000120374,0.017564807,56.6,0.018433051,59.6,22,48,14,31,0.493891078,0.39168679,0.433350395,0.603761094,0.77846047,0.673919536,0.58507363,0.170324267,0.58507363,0.176149728
97,7685,4,120,256,100,0.002845937,0.002887769,58.6,0.005751062,60.2,20,50,12,33,0.505923276,0.359341313,0.417200145,0.598064197,0.806026674,0.682535351,0.582683994,0.168171459,0.582683994,0.176578335
96,9169,2,160,24,165,0.000899755,0.030005953,56.4,0.030016781,59.4,22,47,15,31,0.569810433,0.404093101,0.451088335,0.603503581,0.763432097,0.669388611,0.583762599,0.167920617,0.583762599,0.171137544
103,4969,2,115,256,145,0.006143677,0.002888129,57.6,0.005735978,59.6,21,48,13,32,0.630080982,0.379990163,0.436535126,0.598528876,0.785574251,0.673932717,0.582782207,0.166892201,0.582782207,0.185666809
112,1535,2,190,256,195,0.005598078,0.002955483,58.4,0.005727988,60,19,50,11,34,0.505662507,0.350313456,0.412867096,0.596450099,0.814133573,0.685169337,0.582223514,0.166384554,0.582223514,0.175336056
83,7558,2,185,56,125,0.007940463,0.012447726,59,0.014423006,59.4,22,47,15,31,0.576361656,0.413197887,0.470170158,0.6020599,0.752160857,0.665470041,0.582679372,0.166383241,0.582679372,0.171675219
49,9876,2,195,64,105,0.004989779,0.011201236,59.6,0.012436757,59.4,23,46,15,30,0.55490839,0.420723533,0.466729147,0.605182356,0.744433016,0.663290708,0.582578274,0.165719635,0.582578274,0.164827637
81,927,2,140,32,80,0.009854909,0.02175798,57,0.023664196,59.6,19,50,11,34,0.561599657,0.352216001,0.420272172,0.596453208,0.810028908,0.684273028,0.581122455,0.164445522,0.581122455,0.166369157
127,26,4,90,48,175,0.001488757,0.014739996,59.8,0.017018285,59,24,45,17,29,0.600664359,0.439423648,0.471656815,0.605112729,0.723345374,0.652070491,0.581384511,0.163339998,0.581384511,0.17695524
31,5176,4,50,48,130,0.004201052,0.014832486,56.8,0.017060898,59.6,20,49,13,33,0.495448731,0.371593361,0.421595751,0.598378584,0.790918738,0.676122141,0.58125605,0.163222426,0.58125605,0.170330066
146,2532,4,160,256,140,0.002007967,0.002869462,59.2,0.005760806,58.8,26,43,19,27,0.573739039,0.471734727,0.499550482,0.604114354,0.690991034,0.636636364,0.581362881,0.163219367,0.581362881,0.169692293
22,5667,3,195,256,90,0.001809839,0.002874221,58.2,0.005769652,59,21,47,14,32,0.574577573,0.392616077,0.450414579,0.600043606,0.770192842,0.669842697,0.58140446,0.162391477,0.58140446,0.168849646
1,3335,1,165,48,180,0.005783435,0.014240826,60.8,0.01734356,58.4,24,44,18,29,0.567886677,0.450310446,0.498302204,0.602354235,0.71217352,0.650577527,0.581241983,0.162209057,0.581241983,0.166262675
8,3637,3,170,32,85,0.006136579,0.021571047,59.8,0.023585982,59.4,19,50,12,34,0.587380952,0.349191387,0.427351474,0.59349689,0.810754804,0.683504018,0.579973095,0.161833274,0.579973095,0.170964524
18,409,2,20,256,30,0.003442055,0.003062615,56.6,0.005812653,59.2,21,48,14,32,0.484420353,0.38668868,0.428031547,0.60068369,0.774725458,0.671109573,0.580707069,0.161564091,0.580707069,0.165627846
89,1515,2,85,128,155,0.006695941,0.005970049,56.4,0.006595403,59.2,20,49,13,33,0.591254951,0.37129462,0.436760895,0.596098017,0.788448714,0.676062458,0.579871667,0.161440998,0.579871667,0.171097159
21,3923,3,135,40,175,0.000953339,0.020010939,51.2,0.018393849,59.2,20,49,13,33,0.495120187,0.364521957,0.412632602,0.599052311,0.79697806,0.676966691,0.580750009,0.161295965,0.580750009,0.169831909
87,8101,2,45,256,95,0.000762756,0.002952337,57.8,0.005820933,59,21,48,14,32,0.488121445,0.383993749,0.4240984,0.600699221,0.7768503,0.670344547,0.580422025,0.160460565,0.580422025,0.166990045
135,7940,1,30,256,20,0.002232635,0.003368551,49,0.005892622,59.2,24,45,17,29,0.496298571,0.433243066,0.43509649,0.617133892,0.72557003,0.632106478,0.579406548,0.159055365,0.579406548,0.176790489
62,5174,2,185,24,135,0.005899698,0.028842961,58.4,0.029499452,59.6,19,50,12,34,0.499778271,0.355520417,0.414196791,0.595918684,0.800879304,0.680488708,0.578199861,0.158977591,0.578199861,0.153210716
61,6598,2,185,256,165,0.00441919,0.002883121,58.4,0.005729875,59,20,49,13,33,0.491959475,0.368451043,0.415743591,0.59801709,0.790743048,0.674440076,0.579597046,0.158965511,0.579597046,0.16671732
84,9690,2,70,256,40,0.001082354,0.003177467,56.4,0.005804029,59.2,20,49,12,33,0.494018806,0.360464667,0.415986313,0.594929079,0.796282835,0.677313979,0.578373751,0.15857321,0.578373751,0.165061351
122,202,2,195,24,170,0.002917268,0.028440179,58,0.029339551,59.6,19,50,12,34,0.612745849,0.35367316,0.42113926,0.592688745,0.800590816,0.676834241,0.577131988,0.158140988,0.577131988,0.175361429
147,1080,4,10,256,140,0.001557868,0.002926581,55,0.005808387,59,26,43,19,27,0.486342933,0.470155588,0.459628129,0.601824323,0.686712762,0.606568208,0.578434175,0.157045874,0.578434175,0.164455496
63,2559,2,125,40,165,0.000504667,0.020502355,53.4,0.018366551,58.4,23,46,16,30,0.570157909,0.417191796,0.473750239,0.598412614,0.740006038,0.658639877,0.578598917,0.15698081,0.578598917,0.162708085
34,7945,1,105,256,200,0.000156521,0.002895314,59.2,0.005828044,59,20,48,13,33,0.492446634,0.369822419,0.415715378,0.597337864,0.787142689,0.672331768,0.578482554,0.156901923,0.578482554,0.165367525
90,7018,2,15,16,190,0.004633473,0.044383643,57,0.044474569,58.6,23,45,17,30,0.567012259,0.430359856,0.482494707,0.599945503,0.724336194,0.653735063,0.577348025,0.156642123,0.577348025,0.160501039
40,3122,1,90,128,60,0.005117378,0.005841389,56.8,0.006723584,58.4,22,47,15,31,0.577335537,0.405319796,0.474361984,0.593837932,0.747933988,0.661599511,0.576626892,0.155508736,0.576626892,0.161926788
123,7517,2,55,256,140,0.00069914,0.002941854,58.4,0.005790175,58.8,20,49,13,33,0.488656969,0.3640568,0.41238221,0.59581812,0.789976115,0.673155298,0.577016458,0.153877314,0.577016458,0.161387013
105,4378,3,165,40,175,0.001820475,0.018405156,57.6,0.018143885,59.6,21,48,14,32,0.478426275,0.389433554,0.416487179,0.60519692,0.761553957,0.664658461,0.575493756,0.152465186,0.575493756,0.15870174
79,5228,2,55,40,160,0.001908002,0.019036114,54.6,0.018858315,57.8,25,43,19,28,0.565561342,0.469829203,0.501371809,0.599739496,0.681044147,0.631445591,0.575436675,0.151872696,0.575436675,0.157645803
24,3155,1,105,64,180,0.001831173,0.015164637,55.6,0.012617561,56.2,34,31,31,19,0.542868425,0.657536066,0.57750379,0.690348481,0.494772693,0.501743118,0.57615438,0.151658401,0.57615438,0.170035377
100,7683,2,25,256,135,0.000618023,0.002920953,56.8,0.005809945,59,21,48,14,32,0.488146552,0.379727098,0.418578292,0.595665768,0.771447464,0.664012697,0.575587281,0.151414112,0.575587281,0.159457355
101,9735,1,200,128,140,0.000101083,0.005772073,59.8,0.006737239,58.6,22,46,15,31,0.476898994,0.395459396,0.429374662,0.597344141,0.75477825,0.6603016,0.575118823,0.150204997,0.575118823,0.154563813
35,9130,2,25,128,150,0.002672686,0.005745015,58,0.006637144,58.6,23,46,16,30,0.470142004,0.414290761,0.439339032,0.598815434,0.735611334,0.653579146,0.574951048,0.150090273,0.574951048,0.151863637
28,5061,1,65,48,160,0.000849209,0.015114926,53,0.017800335,58.8,25,44,18,28,0.658023873,0.451409964,0.459955276,0.603798634,0.698028566,0.638736482,0.574719265,0.149806388,0.574719265,0.168032828
42,6784,1,195,64,75,0.001638904,0.012524066,54.4,0.012599671,59.2,21,48,14,32,0.684669527,0.381914035,0.424817368,0.596060045,0.762493374,0.662486766,0.572203705,0.148791944,0.572203705,0.179552829
78,232,4,130,48,180,0.002360956,0.014819533,58.2,0.017099414,58.8,19,49,13,34,0.493058756,0.352863637,0.404146147,0.592167021,0.795123485,0.671970947,0.573993561,0.148430856,0.573993561,0.158461311
16,1195,3,190,32,195,0.002409777,0.021050055,60,0.023707764,58.8,20,49,13,33,0.577502967,0.36364483,0.43060445,0.590129424,0.782242022,0.669487544,0.572943426,0.14835108,0.572943426,0.156977311
4,8841,4,200,24,150,0.000661234,0.03114949,53.8,0.029762497,58.8,20,49,13,33,0.487134503,0.365990914,0.413870546,0.591619826,0.779017783,0.666790116,0.572504348,0.147326767,0.572504348,0.153954386
82,6842,4,60,24,130,0.005206676,0.02853166,59.6,0.029601398,59.4,20,49,13,33,0.582612915,0.368010082,0.401613486,0.60793471,0.778068641,0.667836933,0.573039362,0.147142855,0.573039362,0.163019546
73,6451,2,95,256,70,0.005788236,0.002936884,57,0.005786762,58.6,23,45,17,30,0.485294477,0.422862112,0.441226414,0.584374233,0.718931487,0.630416443,0.5708968,0.142778935,0.5708968,0.147972009
140,3538,2,100,48,35,0.008390879,0.015262458,56,0.017175046,58.2,19,49,13,34,0.675148107,0.351935846,0.403842144,0.590919648,0.789853218,0.669707288,0.570894532,0.142125167,0.570894532,0.166063839
114,8445,1,170,8,165,0.004535709,0.117232596,55.2,0.086178676,58.8,18,50,12,35,0.491639571,0.335866704,0.397166918,0.587266771,0.80465375,0.67550474,0.570260227,0.14206522,0.570260227,0.151630299
116,6535,2,135,256,150,0.008996989,0.0034043,56,0.005768878,58.6,18,50,12,35,0.491062019,0.329325905,0.39180902,0.587059936,0.811369558,0.677365819,0.570347731,0.141919962,0.570347731,0.151384507
56,5795,2,30,24,175,0.003098538,0.030624377,54.4,0.030037292,57.8,18,50,12,35,0.59776431,0.338504211,0.427266016,0.582492008,0.798857054,0.671808197,0.568680633,0.14120842,0.568680633,0.157143718
120,6656,4,140,56,105,0.001959549,0.013216728,58.4,0.014606459,58,25,42,19,28,0.453729394,0.460650944,0.452535148,0.604801942,0.680637357,0.626965926,0.57064415,0.141203503,0.57064415,0.142346107
93,3794,2,75,40,20,0.005313743,0.018934969,54.2,0.018573497,57.4,25,42,20,28,0.542800766,0.464830576,0.491413923,0.599488074,0.671910199,0.628703965,0.568370388,0.137150783,0.568370388,0.139366644
30,6794,4,200,128,35,0.002248929,0.005932587,56,0.006706609,58,20,48,14,33,0.461961876,0.367117206,0.40314562,0.593708556,0.769487518,0.663231323,0.568302362,0.136737462,0.568302362,0.138523138
48,2807,1,105,48,155,0.001086037,0.016679027,55.4,0.017711949,57.2,27,40,22,26,0.537239979,0.49665286,0.513225841,0.599003663,0.640035961,0.617317385,0.56834441,0.136367871,0.56834441,0.136479065
11,7655,2,35,40,140,0.000160701,0.017768829,56.6,0.018462678,57.8,20,47,14,33,0.466772826,0.369611936,0.408002249,0.592862272,0.766665153,0.662336191,0.568138544,0.135735011,0.568138544,0.125590804
109,1569,2,175,24,70,0.002301891,0.029271312,57.8,0.029884066,58,19,49,13,34,0.601026348,0.344563321,0.426121679,0.581365798,0.785818603,0.665576711,0.565190962,0.135147333,0.565190962,0.153375288
65,1598,2,10,16,120,0.007048986,0.043525854,58,0.044839611,58,19,49,13,34,0.578192489,0.349099376,0.416831097,0.585136116,0.783735546,0.667654272,0.566417461,0.134684729,0.566417461,0.145464562
111,2036,3,185,64,65,0.001609916,0.012220369,55.8,0.012553624,58.2,22,46,16,31,0.46185518,0.400037049,0.428249265,0.591894878,0.733272063,0.649347769,0.566654556,0.134667566,0.566654556,0.135941292
142,7844,2,140,16,135,0.00040793,0.049198089,52,0.045264927,57.4,19,48,14,34,0.584333795,0.347964114,0.413759752,0.586045194,0.78489885,0.664376043,0.566431482,0.134096248,0.566431482,0.148921505
10,3434,2,65,256,45,0.002596743,0.003624216,54.6,0.005797545,58.2,14,54,8,39,0.381568915,0.261656887,0.309336212,0.583136066,0.868493064,0.690943412,0.565074975,0.131873486,0.565074975,0.139514533
25,9532,4,130,24,125,0.000544282,0.039757127,53.2,0.029800653,58.4,26,42,20,27,0.481325864,0.458266077,0.440525134,0.480841471,0.66619483,0.555880625,0.562230453,0.128142149,0.562230453,0.135163885
118,185,3,130,16,80,0.006624899,0.044033652,57,0.044558835,58.6,14,54,8,39,0.597798861,0.268975028,0.352404416,0.579291765,0.855924295,0.690049042,0.562449662,0.126968111,0.562449662,0.145936601
59,6070,3,100,32,25,0.00486511,0.022575478,54.2,0.024050052,58.2,14,54,8,39,0.530901749,0.253852106,0.334830415,0.575266739,0.867339859,0.688858948,0.560595982,0.126274668,0.560595982,0.151289864
6,5608,2,120,56,145,0.000848622,0.013714237,55.8,0.014645739,58.8,23,45,17,30,0.436507937,0.42309465,0.4008704,0.608887103,0.70196529,0.632790275,0.56252997,0.124803394,0.56252997,0.126707865
133,740,2,185,32,165,0.000591971,0.028850875,51.6,0.023849492,57.6,18,49,13,35,0.48060005,0.323588338,0.377424618,0.582199296,0.800279565,0.667883226,0.561933952,0.124233747,0.561933952,0.134680489
108,3066,2,35,32,45,0.00331684,0.025227026,50.8,0.024330298,58,14,54,8,39,0.659550157,0.262273362,0.348572816,0.574989343,0.853934106,0.682573863,0.558103734,0.12194476,0.558103734,0.162280549
104,2214,4,140,16,25,0.001149501,0.049119874,51.2,0.04586435,57.2,17,50,12,36,0.601188303,0.304031784,0.360254943,0.58174173,0.814938979,0.669282862,0.559485382,0.121227843,0.559485382,0.142465032
2,7918,3,60,48,135,0.001046298,0.017369634,53.6,0.017248964,57.2,15,52,10,38,0.362648172,0.2733728,0.305323214,0.58401863,0.847197138,0.680309605,0.560284969,0.120687764,0.560284969,0.126172991
85,9894,2,150,8,140,0.000285219,0.099179052,56.6,0.088192291,57.2,20,47,15,33,0.468504274,0.359104043,0.395940944,0.584658835,0.762206542,0.652817741,0.560655293,0.120517714,0.560655293,0.128994411
39,1953,4,90,64,60,0.007929898,0.012247017,57.8,0.012406225,57.8,19,48,13,34,0.460269746,0.340096183,0.38898053,0.582780712,0.777197085,0.662422535,0.558646634,0.118204642,0.558646634,0.122381991
50,641,2,145,56,50,0.001272145,0.015594287,53.6,0.015000815,58,21,47,15,32,0.464113673,0.38174088,0.396040778,0.592163391,0.732981277,0.643305799,0.557361078,0.116739903,0.557361078,0.125172776
125,2187,3,180,256,40,0.006187404,0.002943732,55.2,0.0058403,58.2,15,52,10,38,0.462728249,0.285978041,0.33874435,0.58036793,0.828168081,0.679041759,0.557073061,0.11441658,0.557073061,0.119957638
144,8227,2,175,40,85,0.000187005,0.019392464,53.2,0.018623753,56.8,29,37,25,24,0.557276676,0.537871897,0.491992078,0.587217848,0.575891006,0.540542758,0.556881452,0.114347061,0.556881452,0.123006152
41,7128,2,70,16,75,0.002756383,0.043967908,56.6,0.04462424,57,18,48,14,35,0.562177066,0.341463439,0.418986039,0.575005621,0.769713649,0.657263504,0.555588544,0.114169106,0.555588544,0.123423329
106,8820,2,40,256,90,0.007497151,0.00296675,56.2,0.005798407,56.4,27,39,23,26,0.546489362,0.487340155,0.497510304,0.559098786,0.625882831,0.577150517,0.556611493,0.113643754,0.556611493,0.110120093
5,1366,3,40,40,40,0.007282926,0.017893759,53.8,0.018550939,56.8,30,36,26,23,0.55587963,0.544295387,0.489356196,0.486958001,0.568253468,0.517145245,0.556274427,0.112909695,0.556274427,0.121676231
47,4562,1,110,40,190,0.001193094,0.02038471,53.2,0.018516716,56.6,29,37,25,24,0.540659786,0.535668189,0.510003402,0.480744149,0.575118783,0.522335864,0.555393486,0.112468013,0.555393486,0.115341294
130,9515,2,15,16,110,0.002492006,0.057956047,57.2,0.044572607,57,19,48,14,34,0.555661006,0.341122004,0.410099761,0.576583499,0.768215316,0.655765361,0.55466866,0.11221914,0.55466866,0.120093028
131,4786,2,85,40,50,0.001108078,0.023328417,52.2,0.018950489,55.2,30,34,27,23,0.523159847,0.562717924,0.512490616,0.485219256,0.549578141,0.510496976,0.556148033,0.112103113,0.556148033,0.112884625
113,1274,4,95,48,115,0.004131219,0.014569048,59.2,0.017182385,57.2,17,49,12,36,0.470128845,0.310731444,0.371548919,0.575842389,0.800087257,0.6660356,0.55540935,0.111928272,0.55540935,0.12032713
36,5620,4,155,56,95,0.000575414,0.01451299,53.6,0.014895107,57,15,51,11,38,0.349487179,0.287277542,0.31449844,0.579428437,0.820810214,0.66948629,0.554043878,0.109058116,0.554043878,0.110896695
77,4639,2,135,16,65,0.00044921,0.047742516,53.8,0.045382654,56.4,17,48,13,36,0.553376623,0.317021425,0.370406279,0.576910093,0.788533781,0.659104658,0.552777603,0.105581656,0.552777603,0.115359874
29,3151,1,60,16,80,0.000319493,0.047211082,49.8,0.045406813,57.6,8,59,3,45,0.420669935,0.15690281,0.21558717,0.569583672,0.944325293,0.707984502,0.550614052,0.105418383,0.550614052,0.128694787
44,7800,1,150,56,50,0.000889741,0.015983039,53.8,0.015102477,57.2,18,49,13,35,0.515645142,0.326197481,0.36646041,0.572823448,0.773677838,0.646796784,0.549937659,0.104296658,0.549937659,0.128759833
121,8593,1,60,32,125,0.003491692,0.023581424,53,0.024121926,56.8,17,49,13,36,0.622125604,0.322146726,0.392644592,0.571048898,0.777178116,0.65406255,0.549662421,0.103767263,0.549662421,0.132843943
9,5037,2,45,40,200,0.000745338,0.024961588,49.6,0.018591332,56,32,33,28,21,0.517082588,0.576893062,0.517891391,0.484420261,0.525457125,0.499092212,0.551175093,0.102054059,0.551175093,0.10202383
107,7531,1,125,56,60,0.00078719,0.013230153,54.2,0.015045639,56.8,22,44,18,31,0.428635283,0.414617425,0.407894488,0.591454988,0.678236476,0.613653894,0.54642695,0.093647165,0.54642695,0.097865177
126,2402,2,110,8,130,0.001723606,0.08777847,56.8,0.086902893,56.2,15,51,11,38,0.679370758,0.272268658,0.32797875,0.56732271,0.818158623,0.663973504,0.545213641,0.093330705,0.545213641,0.125118039
98,4740,2,145,8,185,0.002090718,0.086304399,58.2,0.086683895,56.6,17,49,13,36,0.514223132,0.314640965,0.373891017,0.574258357,0.779438573,0.658440991,0.547039769,0.0932279,0.547039769,0.093129982
102,7365,2,10,48,120,0.002478467,0.016482063,51,0.017952384,55.8,24,41,21,29,0.649361764,0.447144149,0.432442425,0.543677893,0.642020486,0.560131345,0.544582318,0.090348243,0.544582318,0.105332774
117,1203,2,105,40,160,0.000988052,0.020091375,49,0.018683599,55,14,50,11,39,0.406093624,0.261618865,0.27186752,0.576103908,0.825691164,0.661245315,0.543655015,0.086216055,0.543655015,0.0858562
15,4120,1,120,56,70,0.000206048,0.013081985,52.8,0.014789532,56.8,10,56,6,43,0.25,0.185523156,0.212971138,0.567672134,0.894262295,0.688707042,0.539892726,0.080042652,0.539892726,0.082729169
52,2074,3,15,24,20,0.008959135,0.034459996,46.8,0.030233869,56,8,57,5,45,0.380952381,0.15407178,0.210050674,0.559486839,0.920283572,0.692567821,0.537177676,0.077468932,0.537177676,0.093046594
71,6891,2,165,32,45,0.001382867,0.036010902,51.2,0.02427032,54.8,21,43,18,32,0.459809271,0.375799909,0.358790808,0.455589559,0.699201434,0.5488138,0.537500672,0.077119088,0.537500672,0.088258463
23,3511,3,95,16,75,0.000140671,0.045443066,52.8,0.045729892,56.2,5,61,1,48,0.484705882,0.093582498,0.153115176,0.555389395,0.977115385,0.706743421,0.535348941,0.076311358,0.535348941,0.123781946
45,239,1,80,8,150,0.000651464,0.10113284,53.2,0.090110414,54.6,22,41,21,31,0.647049361,0.399915571,0.399448131,0.56745253,0.676329109,0.592661434,0.53812234,0.075146083,0.53812234,0.106345897
3,2115,2,115,16,45,0.000384795,0.050667754,49.8,0.04582132,54.6,12,52,10,41,0.429955477,0.23083575,0.279420581,0.565765818,0.844247975,0.668173729,0.537541863,0.0750063,0.537541863,0.081333805
57,6143,3,160,8,100,0.002181961,0.091125414,53.4,0.088496686,55.4,9,55,6,44,0.327936508,0.174545455,0.214433245,0.561480956,0.897090164,0.68318372,0.535817809,0.074815628,0.535817809,0.080164738
12,1277,3,145,40,25,0.00275255,0.038036431,50.8,0.018936543,55.4,22,43,19,31,0.326268223,0.400654178,0.34547711,0.6666978,0.673549544,0.548041801,0.537101861,0.073954596,0.537101861,0.090357749
43,7185,1,45,256,50,0.000218954,0.003026531,53,0.0059419,56.2,16,49,13,37,0.477117794,0.295819433,0.324858094,0.558298006,0.774727488,0.625963816,0.535273461,0.072074087,0.535273461,0.091317545
94,7703,2,155,256,30,0.003233399,0.002985718,49.8,0.005868737,56,18,46,15,35,0.343368421,0.337832951,0.32006617,0.569755795,0.73341954,0.598985457,0.535626245,0.070913313,0.535626245,0.075785218
95,7348,1,30,32,35,0.008696223,0.022829557,55.2,0.024204353,54.4,18,46,16,35,0.526420625,0.331436207,0.403768527,0.560242853,0.737792175,0.635460228,0.534614191,0.069748098,0.534614191,0.077331819
13,9838,2,140,16,55,0.000139322,0.046247884,50.6,0.045840252,55.4,7,58,4,46,0.522727273,0.135931309,0.196544773,0.556380358,0.930318411,0.692490507,0.53312486,0.069524232,0.53312486,0.099990667
86,2426,4,180,64,10,0.003926724,0.011878775,49.2,0.012904905,54.4,28,36,26,25,0.417378506,0.511215635,0.43827749,0.467639908,0.557062378,0.493610971,0.534139007,0.067358811,0.534139007,0.068567068
136,3759,2,50,24,30,0.000513808,0.032025803,48,0.030822058,54.8,6,58,4,47,0.375284553,0.112983129,0.14790946,0.555495144,0.945528031,0.694423908,0.52925558,0.060455057,0.52925558,0.075720893
80,2205,2,20,256,15,0.003019338,0.00434811,48.6,0.006013188,55.8,19,46,16,34,0.541269841,0.341307414,0.315419224,0.456463208,0.717339218,0.555210999,0.529323316,0.060241796,0.529323316,0.088184082
26,5350,1,55,64,65,0.003893182,0.023599431,52,0.012782116,53.8,22,41,21,31,0.41777943,0.421414141,0.392564661,0.456401389,0.63557377,0.524790481,0.528493956,0.059796469,0.528493956,0.064504163
27,9824,2,50,32,35,0.001699094,0.029522404,50.4,0.024658159,53.8,12,51,11,41,0.307837986,0.222527505,0.257914758,0.556377601,0.832355515,0.658252399,0.52744151,0.056130069,0.52744151,0.057386631
124,2732,2,70,64,10,0.001215346,0.014072504,48.2,0.012803008,55.2,20,44,18,33,0.33566503,0.368551909,0.334354305,0.561518623,0.685739629,0.57752384,0.527145769,0.054011345,0.527145769,0.059433971
32,2757,2,180,256,15,0.000379428,0.003678817,53.2,0.006037328,55,14,50,12,39,0.257040036,0.251155624,0.212899263,0.448456053,0.786885246,0.570361096,0.519020435,0.039418916,0.519020435,0.037409229
119,7479,2,185,256,15,0.000244902,0.003155746,51.2,0.006026979,54.2,27,36,26,26,0.318228947,0.501694915,0.373943297,0.34782469,0.53559322,0.418573222,0.518644068,0.037288136,0.518644068,0.037835554
37,8818,3,65,56,30,0.000197718,0.013214559,49,0.015024305,54.4,15,48,14,38,0.214014352,0.29077187,0.23630363,0.549025518,0.738272383,0.559504803,0.514522126,0.029279964,0.514522126,0.029838208
19,293,4,155,32,10,0.00036017,0.036117401,46.8,0.024869992,53.2,0,62,0,53,0,0,0,0.536102694,1,0.697243739,0.5,0,0.5,0
14,6054,4,65,48,10,0.001182776,0.018106219,47.8,0.018119749,51.4,20,39,23,33,0.194736842,0.369811321,0.254954955,0.373243853,0.592692308,0.437148478,0.481251814,-0.039883147,0.481251814,-0.07444643
