Model,Seed,No_of_Hidden_Layers,No_of_Hidden_Units,Batch_Size,Num_Epochs,Unfreeze_layers,Learning_Rate,Training_Loss,Training_Accuracy,Testing_Loss,Testing_Accuracy,True_positive,True_negative,False_positive,False_negative,Precision_PositivePredictedValue,Recall_TruePositiveRate,F1_score_positive_class,NegativePredictedValue,Specificity_TrueNegativeRate,F1_score_negative_class,ROC_AUC_score,Cohen_kappa_score,Balanced_accuracy,Matthews_correlation_coefficient
61,7527,3,10,10,40,5,0.000132647,0.538712203,79.15137939,0.648553883,66.07614975,30,46,16,23,0.65024651,0.563006532,0.593128509,0.675180158,0.731353848,0.69321056,0.64718019,0.298235253,0.64718019,0.309360403
62,5463,4,10,10,40,3,0.000104366,0.578505069,78.71543427,0.662923228,62.05929184,32,40,22,21,0.585906408,0.604081112,0.58641161,0.658490905,0.629607263,0.636092131,0.616844187,0.232293422,0.616844187,0.238857884
84,5174,1,35,48,40,3,0.002738421,0.619404417,66.16938553,0.679704541,60.19457016,30,39,23,23,0.583749731,0.574084657,0.569454434,0.628910376,0.629946246,0.62170877,0.602015451,0.204520002,0.602015451,0.208226341
63,23,4,10,10,40,3,0.000131051,0.543092236,78.29270325,0.67332579,60.47826767,24,45,16,29,0.603636364,0.463590545,0.507603747,0.611141599,0.716733815,0.653205438,0.59016218,0.183247294,0.59016218,0.195963849
69,9786,4,20,10,40,5,0.000180121,0.605011791,70.8368927,0.671803049,60.55146484,26,44,18,27,0.579473151,0.480549069,0.512392166,0.61641976,0.696845652,0.648705447,0.58869736,0.179497605,0.58869736,0.185867743
150,3438,3,15,10,25,5,0.000109752,0.635187248,65.89763031,0.673158869,61.0924675,33,37,24,20,0.46886791,0.598240279,0.4995671,0.697349584,0.577735803,0.569600592,0.587988041,0.177440038,0.587988041,0.209342373
68,9599,4,10,10,40,3,0.000129461,0.605906533,71.22434082,0.672795093,61.1523819,26,45,17,27,0.480015152,0.461443465,0.456112021,0.638796884,0.712237855,0.64828783,0.58684066,0.175965556,0.58684066,0.187600862
143,6012,3,15,10,25,5,0.000187045,0.610951175,70.83686066,0.668147168,59.27304306,26,42,20,27,0.571193013,0.484122568,0.507191682,0.615450812,0.68426844,0.638004518,0.584195504,0.168661369,0.584195504,0.177016666
124,4291,4,115,10,40,5,0.000522284,0.651135311,62.82812347,0.67463061,59.7563179,30,39,23,23,0.592742254,0.554724754,0.515542385,0.640364916,0.605975271,0.600184548,0.580350013,0.162307757,0.580350013,0.186839099
34,9438,4,195,10,40,5,0.000344301,0.599928236,66.16278076,0.669757141,58.25146027,32,35,26,21,0.535103785,0.590629667,0.553072138,0.635515805,0.564015966,0.586688807,0.577322816,0.156448276,0.577322816,0.162246255
94,9685,2,135,16,40,3,0.000480313,0.596934067,69.25689011,0.698057296,58.2232872,25,42,20,28,0.564097907,0.472881917,0.507457193,0.60071434,0.681833843,0.634385984,0.57735788,0.154372347,0.57735788,0.15957838
48,7314,3,25,48,10,4,0.000250497,0.569627546,80.60374451,0.679515745,57.75655212,34,32,30,19,0.527404768,0.638059698,0.570094205,0.647476799,0.513715776,0.557850615,0.575887737,0.149953955,0.575887737,0.162412124
147,6797,3,15,10,25,5,0.000129144,0.619449624,69.05796967,0.66570155,59.06211319,27,41,21,26,0.452075107,0.493271231,0.464164712,0.632311731,0.655485231,0.616720221,0.574378231,0.148525895,0.574378231,0.1582501
137,8171,3,30,48,35,3,0.000158171,0.554683016,77.28754959,0.676595431,59.39039917,27,41,20,26,0.458738164,0.493459517,0.467676741,0.614427673,0.651028865,0.614212312,0.572244191,0.146122009,0.572244191,0.151005551
146,1261,3,145,10,25,5,0.000264121,0.66443761,61.15889969,0.682216113,57.87452087,29,37,25,24,0.537704305,0.55914201,0.526417041,0.613214047,0.579940421,0.57962153,0.569541216,0.139015336,0.569541216,0.144908516
123,9139,3,10,14,40,2,0.006122691,0.681090727,56.86154099,0.677534902,59.66242752,21,48,14,32,0.528664512,0.395295326,0.400036822,0.674079411,0.739097399,0.60530333,0.567196362,0.138681143,0.567196362,0.188035867
38,6246,3,55,14,15,5,0.000273053,0.649599734,63.20170898,0.685469332,57.98068085,33,34,28,20,0.53334797,0.617903771,0.555087954,0.518157608,0.520160461,0.514236856,0.569032116,0.137580146,0.569032116,0.121381092
35,5312,3,65,32,25,5,0.000802246,0.637878862,62.09736252,0.675436049,57.74086609,31,34,27,22,0.515273665,0.588998116,0.544145239,0.631488204,0.548890557,0.577958218,0.568944336,0.136978148,0.568944336,0.142154703
110,8420,4,90,8,25,3,0.000418741,0.649859104,62.22754669,0.670959489,55.55177994,30,34,28,23,0.609744589,0.567963485,0.511458515,0.612739487,0.570271122,0.555044492,0.569117304,0.136106515,0.569117304,0.169540107
90,4871,1,175,24,40,3,0.001782981,0.67439275,59.68136368,0.70202979,56.3629509,30,35,26,23,0.543648257,0.552802215,0.537833793,0.599813507,0.582168818,0.581983131,0.567485516,0.133250729,0.567485516,0.139141694
73,4338,4,10,10,15,4,0.000105791,0.634721556,65.9429306,0.679465077,58.3165741,23,45,17,30,0.45795852,0.411540847,0.430582633,0.593952418,0.721819629,0.643593237,0.566680238,0.132831161,0.566680238,0.135038483
52,7394,3,65,10,25,5,0.000447592,0.649982774,63.25246353,0.681386929,55.5911377,41,23,39,12,0.505450378,0.74883984,0.594508546,0.699526022,0.387955949,0.470654912,0.568397895,0.132781119,0.568397895,0.166705744
5,7276,2,45,10,45,4,0.000618513,0.605788657,66.93076859,0.679476731,57.47121658,25,41,21,28,0.513489736,0.44676166,0.444434429,0.603815755,0.686607498,0.616285651,0.566684579,0.130899268,0.566684579,0.13219603
67,4264,4,165,10,40,3,0.000167581,0.646405514,63.16990967,0.679267092,57.60056915,28,39,23,25,0.529904381,0.527036681,0.502264925,0.606721761,0.600342563,0.591943375,0.563689622,0.127099604,0.563689622,0.131156582
148,4456,3,15,10,25,5,0.000133484,0.63373975,65.54541321,0.675396151,59.55040588,23,46,16,30,0.349377713,0.416358403,0.377540799,0.624656158,0.710666424,0.63457556,0.563512414,0.12700135,0.563512414,0.134124362
121,2728,4,190,32,5,5,0.000636019,0.656713857,60.36324539,0.676806371,58.4789238,26,42,20,27,0.446515024,0.463823028,0.442768877,0.610670765,0.658917434,0.609251044,0.561370231,0.124904922,0.561370231,0.132053255
122,5866,2,150,8,20,3,0.000857629,0.662191554,61.198806,0.68544784,57.3023613,30,37,25,23,0.537268842,0.553491021,0.504562637,0.499176416,0.572623645,0.523883225,0.563057333,0.123556208,0.563057333,0.130238135
71,6431,4,60,24,35,3,0.00015303,0.618077238,67.29073486,0.681539334,57.8772995,23,44,18,30,0.334697819,0.424391682,0.366817825,0.632058787,0.69825662,0.612801651,0.561324151,0.12254469,0.561324151,0.136081344
81,1492,3,140,16,40,3,0.003915427,0.670611343,58.55311356,0.678672959,57.41330338,29,37,25,24,0.433676972,0.525643311,0.47132109,0.613703734,0.59490959,0.577168537,0.560276451,0.119483339,0.560276451,0.125840267
13,7714,1,90,14,10,2,0.001069863,0.636258561,60.60875549,0.721773046,57.11785965,16,50,12,37,0.463542306,0.310901342,0.370706899,0.576365478,0.804732565,0.665363122,0.557816953,0.119346347,0.557816953,0.127563887
53,8189,4,50,8,25,5,0.00014351,0.657347508,62.31627426,0.682762508,57.01781769,30,36,26,23,0.431922045,0.563718412,0.479986616,0.637395781,0.556732639,0.550619181,0.560225526,0.117413094,0.560225526,0.134487223
4,7993,1,15,12,5,4,0.003773293,0.687473584,55.13553619,0.677813972,57.72858047,13,54,8,40,0.492213884,0.248225252,0.32374324,0.573273914,0.863225095,0.684878065,0.555725173,0.117002004,0.555725173,0.134694674
23,2440,1,170,12,5,3,0.000662973,0.609758599,66.43942413,0.703183181,56.83215637,26,39,23,27,0.516617816,0.505141836,0.498931818,0.601672351,0.609560722,0.594080636,0.557351279,0.114399446,0.557351279,0.116396152
66,9361,4,75,10,40,3,0.000362734,0.656710006,59.64711609,0.681393621,54.7916481,38,25,37,15,0.509907796,0.708148436,0.589477232,0.631417004,0.403610137,0.477878484,0.555879287,0.112967087,0.555879287,0.124038518
65,6960,4,125,10,40,3,0.000502731,0.638876817,61.04505615,0.67842536,58.30103378,24,43,18,29,0.450666667,0.432934553,0.412357599,0.600692532,0.677140979,0.616132875,0.555037766,0.111506804,0.555037766,0.120560019
126,9387,3,80,24,35,4,0.000208462,0.647146796,63.65824432,0.682529223,55.62377472,32,32,30,21,0.515357017,0.591452723,0.545056465,0.606744507,0.519386315,0.549996791,0.555419519,0.111035302,0.555419519,0.1161234
134,6229,1,155,32,5,5,0.003308854,0.7091129,54.81971207,0.686180988,59.22286148,13,55,7,40,0.257405281,0.243108411,0.247204969,0.594274326,0.867731421,0.691395513,0.555419916,0.110756547,0.555419916,0.112708947
83,6668,2,10,24,45,2,0.016036378,0.659938805,59.94369736,0.670687704,58.80787201,11,57,5,42,0.281037037,0.205077187,0.228317757,0.585210186,0.901495073,0.700336448,0.55328613,0.10775735,0.55328613,0.093577852
2,815,3,150,14,40,5,0.000849154,0.657523743,58.46401062,0.682734831,57.93140259,22,45,17,31,0.34475544,0.399601658,0.357342282,0.617468219,0.703852673,0.607330855,0.551727166,0.105930286,0.551727166,0.12065604
55,2455,4,70,10,40,5,0.001515273,0.687771472,55.81645508,0.681062269,57.04596176,10,56,6,43,0.258947368,0.192280702,0.215810114,0.574897773,0.911270492,0.693642881,0.551775597,0.104780702,0.551775597,0.111097634
149,1825,3,15,10,25,5,0.00020093,0.637014162,69.02651825,0.681545097,55.8560051,23,42,20,30,0.592428488,0.434239604,0.471489516,0.56604101,0.664395826,0.599694756,0.549317715,0.101842199,0.549317715,0.124455641
1,7456,1,85,16,45,4,0.000718892,0.575898955,67.91935349,0.724201956,56.0664093,27,38,24,26,0.516454531,0.494711075,0.494908547,0.58797816,0.607489367,0.592650472,0.551100221,0.101785529,0.551100221,0.103178334
74,2828,1,160,40,40,5,0.000204308,0.548182008,72.76051636,0.712092332,55.90647736,27,38,24,26,0.518718211,0.502236463,0.505780966,0.586026506,0.597099194,0.587267162,0.549667828,0.100128759,0.549667828,0.101994862
132,3998,4,50,16,30,2,0.001041386,0.66393315,57.18655853,0.696499649,53.59124832,34,27,35,19,0.511020222,0.639044014,0.556209487,0.589458283,0.460049266,0.492198653,0.54954664,0.098121067,0.54954664,0.099726782
10,573,4,60,40,30,2,0.006588723,0.663950419,58.84194107,0.676311335,57.66423492,20,47,15,33,0.356460493,0.357942844,0.331748252,0.618785646,0.740322098,0.614018274,0.549132471,0.097011332,0.549132471,0.117035245
46,2633,3,95,14,40,3,0.000217265,0.679277718,58.35749741,0.70303679,53.83302689,34,27,35,19,0.535150154,0.648201912,0.538026389,0.485966394,0.446669214,0.433078137,0.547435563,0.093679363,0.547435563,0.105755821
131,2586,4,175,12,40,3,0.000395809,0.677921762,56.77747269,0.682579971,55.83588257,28,36,25,25,0.471938062,0.546400507,0.418278269,0.641209253,0.548635999,0.506910308,0.547518253,0.092765112,0.547518253,0.133698624
105,3796,4,60,12,40,5,0.000148346,0.662798818,62.07808456,0.678806547,55.63919601,20,45,17,33,0.429881681,0.373177655,0.390520155,0.57023469,0.716365069,0.618674619,0.544771362,0.091626487,0.544771362,0.094605077
114,1101,4,25,24,15,2,0.00010188,0.631637666,74.51181793,0.688237033,52.74714279,34,26,35,19,0.514570754,0.639929118,0.545592943,0.615232198,0.454106803,0.47745781,0.547017961,0.090793249,0.547017961,0.108840394
64,8584,3,10,10,40,3,0.000102604,0.60681811,71.72505035,0.678817486,55.55348663,31,33,29,22,0.508451149,0.570592873,0.519849052,0.617611618,0.518705142,0.515599781,0.544649008,0.089508675,0.544649008,0.101299864
144,9096,3,15,10,25,5,0.000178505,0.622048471,65.21653595,0.680460668,56.18842239,19,46,16,34,0.323556772,0.370177244,0.340530828,0.592445352,0.719798235,0.617535739,0.544987739,0.089231284,0.544987739,0.094326417
26,2143,1,180,16,10,5,0.000265911,0.623564794,64.65092926,0.732128935,54.77049789,22,41,21,31,0.529039379,0.422319041,0.462733529,0.568612268,0.665218116,0.608712562,0.543768579,0.087950442,0.543768579,0.092421487
76,8740,4,145,8,40,3,0.001875991,0.662777522,59.53853455,0.668887944,57.65864105,18,48,14,35,0.349018025,0.336218856,0.339962336,0.574972074,0.750271443,0.638373318,0.54324515,0.087280911,0.54324515,0.089249798
140,3221,3,40,10,40,3,0.000461342,0.671269351,57.617202,0.684465907,55.23800964,31,33,29,22,0.493937562,0.567839831,0.516781355,0.6285401,0.518390899,0.546736893,0.543115365,0.086646606,0.543115365,0.103010088
112,6311,3,110,10,40,5,0.000116208,0.618694939,66.20318985,0.697280627,54.33806229,29,33,28,24,0.511580962,0.561370329,0.511908192,0.60743902,0.523273666,0.531656347,0.542321997,0.085796182,0.542321997,0.099943459
89,1863,4,55,8,35,2,0.000121225,0.647677686,60.4750351,0.681513919,56.55310364,19,46,15,34,0.301593189,0.346372197,0.311888756,0.609424412,0.736982495,0.628955221,0.541677346,0.082042462,0.541677346,0.088941243
98,4783,1,15,10,20,4,0.000224608,0.610819122,66.26230164,0.696319154,53.58340759,33,28,34,20,0.501065056,0.616567234,0.545491276,0.590103119,0.467385973,0.509326024,0.541976603,0.081627902,0.541976603,0.087377491
43,3055,1,105,14,40,3,0.000292968,0.658867229,61.19124374,0.706072175,54.55301056,28,35,27,25,0.501988464,0.52316799,0.511708419,0.57944476,0.557672163,0.567644673,0.540420077,0.080335332,0.540420077,0.081136023
42,5583,2,100,48,45,5,0.000111569,0.625000588,68.52994766,0.693198226,53.48341446,29,32,29,24,0.506637005,0.548293043,0.516876814,0.577433579,0.532444536,0.545185976,0.540368789,0.07894398,0.540368789,0.082369718
25,5239,4,120,14,40,4,0.001316649,0.684619568,55.53353424,0.679171992,55.97988358,16,49,13,37,0.344063307,0.318238994,0.294489314,0.599264512,0.753783102,0.611407299,0.536011048,0.073183296,0.536011048,0.094408841
142,4842,4,130,12,40,3,0.000100451,0.673718237,57.65739975,0.688181812,53.00153885,26,35,27,27,0.495814307,0.505444787,0.454725296,0.582975936,0.570889777,0.55189396,0.538167282,0.072741296,0.538167282,0.077513059
97,8831,3,130,32,40,2,0.069104111,0.698853431,55.05333862,0.677987969,56.95838242,13,53,9,40,0.243724696,0.249125214,0.238924625,0.569500216,0.822194199,0.647947887,0.535659707,0.072225723,0.535659707,0.076148055
7,6726,1,75,48,30,2,0.00789243,0.679850256,57.66854401,0.684378434,56.80294418,24,41,21,29,0.322640382,0.440745414,0.370733581,0.607901537,0.631208455,0.572339849,0.535976935,0.072040292,0.535976935,0.083766407
104,684,3,200,40,45,3,0.00073722,0.679486116,57.40980225,0.69916535,52.0746788,39,20,42,14,0.492186303,0.733189312,0.580256833,0.596831602,0.338207301,0.400691819,0.535698306,0.071725119,0.535698306,0.079210034
9,4803,1,145,32,35,3,0.055207099,0.741073416,54.5801918,0.67863328,57.14485016,15,50,12,38,0.357682579,0.289696194,0.280968839,0.610675001,0.780627097,0.636685024,0.535161646,0.071623042,0.535161646,0.097972341
32,8643,1,45,16,30,1,0.000234059,0.641580976,61.36072311,0.691197727,54.27441788,19,43,18,34,0.526976364,0.352681043,0.402701258,0.561379373,0.714764839,0.621511651,0.533722941,0.067903808,0.533722941,0.076640865
125,6426,4,180,48,15,3,0.00013652,0.649515726,61.73733749,0.68531197,54.40985184,25,38,24,28,0.362170822,0.483091491,0.383765225,0.621295085,0.586175914,0.538118187,0.534633703,0.066873232,0.534633703,0.078564751
57,5195,4,135,10,25,5,0.000417932,0.667534146,58.29614182,0.687768495,54.37803268,25,38,24,28,0.500395257,0.466938294,0.450154506,0.607908497,0.60034251,0.561173913,0.533640402,0.066193503,0.533640402,0.084447357
21,8639,1,25,32,10,3,0.000193043,0.564158547,72.54927368,0.720570847,52.73338776,30,31,31,23,0.494550571,0.561430303,0.517081855,0.57743244,0.506919497,0.530750903,0.5341749,0.066133989,0.5341749,0.07013574
88,2677,2,50,16,40,3,0.011207996,0.683090971,55.23298721,0.68278584,54.19983368,18,44,18,35,0.311074567,0.333657127,0.31826455,0.565121707,0.726888398,0.613667056,0.530272763,0.060023853,0.530272763,0.060822947
75,8226,3,85,10,20,1,0.000383516,0.656543569,60.55829239,0.686378197,55.97137833,18,46,15,35,0.433285024,0.336157182,0.34242803,0.56347295,0.722457253,0.59301537,0.529307218,0.059071618,0.529307218,0.054549828
106,7706,1,20,10,30,4,0.000265138,0.622021399,64.8707016,0.692631294,53.07667389,33,28,34,20,0.491801331,0.612969851,0.538004828,0.50684984,0.445571419,0.466061606,0.529270635,0.057801349,0.529270635,0.03853894
17,8357,3,110,40,10,2,0.000651232,0.679248457,57.39522476,0.713815486,51.39503326,30,29,33,23,0.486368742,0.570644258,0.502366348,0.580500364,0.486144121,0.489349269,0.528394189,0.054534058,0.528394189,0.060620407
127,3160,1,45,8,10,0,0.000728433,0.676079448,56.02701035,0.695281291,54.88037415,19,44,17,34,0.410460993,0.360527178,0.383831831,0.560825986,0.693489645,0.614905258,0.527008411,0.053876102,0.527008411,0.054258623
39,4816,3,15,48,40,0,0.000781419,0.680474087,56.73088226,0.689606067,54.57004395,7,56,6,46,0.362859097,0.141040737,0.185885412,0.552953453,0.910433454,0.68151683,0.525737096,0.053495182,0.525737096,0.052971806
12,8797,1,160,14,5,5,0.000103481,0.665286842,60.77885818,0.757912575,52.84509277,17,44,18,36,0.484874993,0.329064628,0.328931352,0.557491704,0.723495415,0.606552123,0.526280022,0.053133973,0.526280022,0.063943741
18,7246,1,115,14,30,2,0.00016835,0.678212522,58.44801865,0.725026052,51.89065704,29,30,32,24,0.495049409,0.542334173,0.490341942,0.574933025,0.509977504,0.518729508,0.526155839,0.05297068,0.526155839,0.060434196
117,5627,4,140,40,40,4,0.000337508,0.669482002,58.70275497,0.694394859,50.89139099,35,24,38,18,0.479706099,0.63971229,0.52811544,0.573767886,0.411421388,0.444622399,0.525566839,0.051295091,0.525566839,0.053279468
36,6818,2,65,24,5,4,0.000680729,0.637270706,64.19978104,0.715236769,51.94071808,27,32,30,26,0.498671866,0.510442074,0.489380683,0.554605597,0.539328927,0.530254604,0.5248855,0.050031516,0.5248855,0.051489235
50,9667,2,185,14,30,0,0.006834807,0.689599277,53.76546478,0.684055555,55.82373505,11,53,9,42,0.223026316,0.212212693,0.213399504,0.561776344,0.836569987,0.656751067,0.52439134,0.049157362,0.52439134,0.05080052
109,9965,3,160,32,20,5,0.00157934,0.67928719,56.26702881,0.685474434,55.5668541,23,41,21,30,0.32074445,0.414421025,0.34952257,0.467007661,0.635119798,0.526285245,0.524770412,0.049067487,0.524770412,0.030691085
116,6675,3,95,10,45,3,0.001173091,0.675827456,56.87818451,0.684100492,53.50978699,29,33,29,24,0.472530504,0.535957185,0.496292061,0.577277252,0.513886603,0.536218811,0.524921894,0.048298488,0.524921894,0.049875295
141,6334,1,165,40,45,2,0.000120848,0.543437968,74.00463181,0.725631217,52.08926773,31,29,33,22,0.477014886,0.588735765,0.523127896,0.586100302,0.458891412,0.505411735,0.523813588,0.045440933,0.523813588,0.054763739
24,4127,2,35,32,30,1,0.000952295,0.636770661,59.75491333,0.682978902,54.01419983,16,46,15,37,0.42329331,0.307626182,0.320230115,0.556462305,0.737404247,0.621580747,0.522515214,0.044510056,0.522515214,0.037783288
133,2476,3,10,8,40,3,0.008379094,0.678270916,57.94053116,0.682129796,55.89598541,5,59,3,48,0.127272727,0.105660377,0.115463918,0.555087861,0.938461538,0.692193291,0.522060958,0.044049991,0.522060958,0.044709798
11,7453,1,190,12,30,1,0.000537637,0.68130501,57.69469604,0.688476238,52.745047,29,32,30,24,0.481825246,0.527429854,0.488424849,0.567506859,0.518378235,0.526238549,0.522904045,0.043442787,0.522904045,0.047508863
87,5066,3,150,8,30,1,0.000305121,0.66545411,58.08462524,0.686971392,55.54639816,15,49,13,38,0.429228209,0.281988416,0.291266043,0.554943351,0.758822964,0.624936245,0.52040569,0.041462414,0.52040569,0.049204625
22,3079,4,180,48,45,4,0.000251696,0.667990805,57.54478226,0.692105371,52.640905,25,35,26,28,0.481658779,0.475955658,0.474744626,0.55936478,0.564715145,0.558059296,0.520335402,0.040414614,0.520335402,0.040845491
115,940,2,170,8,10,5,0.002114972,0.694680285,53.78142014,0.684912581,55.33440857,3,61,1,50,0.145454545,0.058181818,0.083116883,0.547951556,0.980327869,0.701326116,0.519254844,0.03968059,0.519254844,0.049050223
49,4660,2,115,14,30,0,0.000826937,0.664136403,59.74835434,0.685663609,54.92976685,20,44,18,33,0.399697547,0.36349953,0.356142832,0.566727283,0.675893945,0.58528193,0.519696737,0.039154342,0.519696737,0.04424095
145,3595,3,75,10,25,5,0.000340671,0.673407955,56.87960892,0.689075156,53.45206451,26,36,26,27,0.427890647,0.491166219,0.427126065,0.511671932,0.545100135,0.493254443,0.518133177,0.038578069,0.518133177,0.032382669
119,4876,3,120,10,40,1,0.004526188,0.677738754,55.82918472,0.685509627,55.53763123,17,47,14,36,0.21352381,0.303102015,0.250546329,0.567251153,0.732724902,0.599797691,0.517913458,0.035861813,0.517913458,0.039577102
113,2663,1,185,48,35,3,0.018494898,0.724556668,54.9460083,0.693748458,54.85329056,6,57,4,47,0.309433962,0.113001715,0.121952862,0.550313852,0.921311475,0.680454943,0.517156595,0.034291954,0.517156595,0.054435224
91,4104,4,45,48,10,4,0.005881874,0.689632505,55.04925003,0.688261582,53.35027771,15,46,16,38,0.197509579,0.283747104,0.232711111,0.561357663,0.751730769,0.603538569,0.517738936,0.033914301,0.517738936,0.036995245
111,8849,4,10,14,40,1,0.000191046,0.659846101,60.01648331,0.686722384,54.15948944,18,44,17,35,0.41964702,0.318443785,0.328165326,0.546549829,0.714774724,0.587818515,0.516609254,0.033801824,0.516609254,0.041141275
30,5943,3,25,32,5,1,0.004928635,0.685032802,55.46642151,0.689067265,55.09463272,11,52,9,42,0.408474576,0.207030859,0.231249303,0.55131823,0.826137869,0.651565054,0.516584364,0.033565596,0.516584364,0.039052179
120,9324,1,85,16,30,3,0.000295293,0.679714804,57.52171936,0.750493609,50.92215652,23,36,26,30,0.528473178,0.435822708,0.430693024,0.540919372,0.595210315,0.539882453,0.515516511,0.032841459,0.515516511,0.047393143
92,5828,3,155,40,15,1,0.001296561,0.680822534,57.00855331,0.686781066,54.25929947,18,45,17,35,0.497473945,0.343813963,0.3261183,0.552174529,0.687490115,0.588275851,0.515652039,0.03183392,0.515652039,0.052806164
14,1673,4,180,40,25,2,0.055124971,1.083748487,51.7085228,1.003959408,55.21963348,14,49,13,39,0.213617978,0.261208826,0.231881396,0.559750999,0.76916558,0.617110272,0.515187203,0.030367104,0.515187203,0.033123558
78,6612,3,190,8,5,3,0.001880188,0.68612802,55.37037735,0.686779791,51.83365555,11,49,13,42,0.179181287,0.226666667,0.193518068,0.561611337,0.803852459,0.621559605,0.515259563,0.028180423,0.515259563,0.033407393
59,351,3,30,12,25,0,0.001160448,0.670878775,57.56547928,0.681426079,53.41431656,27,35,27,26,0.484587581,0.485479208,0.428655137,0.565106111,0.54301478,0.514319288,0.514246994,0.027659998,0.514246994,0.035938619
44,9636,2,120,10,5,1,0.001550153,0.687412581,53.8159523,0.68659282,54.68087769,9,54,8,44,0.214166667,0.174339623,0.19164148,0.546794941,0.852522068,0.658876019,0.513430845,0.027141639,0.513430845,0.027943489
129,9783,2,65,40,45,3,0.001346057,0.673938465,58.02477036,0.704660191,52.11349869,30,30,32,23,0.465310086,0.564558387,0.498834709,0.579733202,0.464402932,0.485460806,0.51448066,0.027117883,0.51448066,0.034734959
8,739,1,200,32,25,2,0.050891105,0.754698727,52.15406876,0.686864319,54.35411301,8,55,7,45,0.2160401,0.150737564,0.168436293,0.54612802,0.873581337,0.663377144,0.512159451,0.024232957,0.512159451,0.026968958
101,9289,4,105,8,40,3,0.004024919,0.679226812,56.73355942,0.688857761,53.61027069,4,58,4,49,0.1,0.080701754,0.089320388,0.544589098,0.9425,0.683111635,0.511600877,0.023863765,0.511600877,0.024216068
107,8662,4,75,16,40,3,0.023429155,0.68877579,53.75878067,0.686215196,54.1275116,7,56,6,46,0.104347826,0.130909091,0.116129032,0.550079216,0.891803279,0.663094336,0.511356185,0.022431557,0.511356185,0.023101237
54,2873,3,155,10,25,5,0.003424932,0.693136839,53.60586548,0.684203959,53.31829987,5,56,5,48,0.096428571,0.094736842,0.095575221,0.545240298,0.9275,0.676486376,0.511118421,0.022293064,0.511118421,0.022295592
6,5242,2,145,12,15,2,0.009597846,0.697724036,54.41974182,0.687610027,53.87570038,9,53,9,44,0.221052632,0.175367232,0.181666667,0.535622476,0.84145596,0.638996092,0.508411596,0.019314151,0.508411596,0.024992559
70,3538,4,200,10,40,0,0.000556543,0.687060918,53.98087082,0.685813931,53.94340897,15,47,15,38,0.315550239,0.280500044,0.27810921,0.544088543,0.737776519,0.606821572,0.509138281,0.018153145,0.509138281,0.02246168
47,3942,1,115,24,35,2,0.000325553,0.674518377,57.391539,0.728568367,50.89117203,24,34,28,29,0.474656746,0.445148327,0.443409232,0.544352963,0.571152671,0.542568123,0.508150499,0.016467796,0.508150499,0.017562089
82,8918,4,170,8,10,3,0.001010936,0.670561243,58.51212311,0.685425646,54.54166718,19,43,18,34,0.20577895,0.352094659,0.259172113,0.564384267,0.663559322,0.525002087,0.507826991,0.015718847,0.507826991,0.022000354
51,4389,3,195,8,25,5,0.002395166,0.687689841,55.90465927,0.685145336,54.04822693,1,62,0,52,0.133333333,0.021052632,0.036363636,0.539626872,0.9925,0.697855225,0.506776316,0.015419162,0.506776316,0.02696372
136,4853,2,135,10,40,0,0.001871156,0.68589238,55.09446259,0.687086754,53.79729538,23,39,23,30,0.304236373,0.416477018,0.346887021,0.499286289,0.597448009,0.510479176,0.506962514,0.013545801,0.506962514,-0.000602245
58,9024,4,130,32,40,5,0.002624747,0.684920022,55.90677948,0.68597548,54.08020477,5,57,5,48,0.174666667,0.108904336,0.117552782,0.541751833,0.901538462,0.669781269,0.505221399,0.009995276,0.505221399,0.006256241
100,9047,2,165,48,35,1,0.000587708,0.688225261,54.39536896,0.689118964,50.63122406,21,38,24,32,0.468118606,0.412286615,0.361037417,0.54037523,0.593920961,0.519234011,0.503103788,0.00875544,0.503103788,0.00664908
108,7168,2,145,10,5,0,0.000169016,0.677601029,58.69527206,0.691260899,52.5650238,16,44,18,37,0.529794264,0.302617286,0.329374504,0.537250492,0.703483339,0.595300408,0.503050313,0.007869972,0.503050313,0.024096951
20,3668,2,180,40,15,0,0.039254593,0.713456611,51.7583786,0.688687213,53.94925385,11,51,11,42,0.101754386,0.196610169,0.134104046,0.586102694,0.810169492,0.582958025,0.503389831,0.006779661,0.503389831,0.018731716
80,8796,4,145,8,15,3,0.005339873,0.693801059,52.65357132,0.689628885,53.78268433,0,62,0,53,0.2,0.003636364,0.007142857,0.537017236,1,0.698026996,0.501818182,0.003820858,0.501818182,0.019641048
95,5007,3,70,8,5,3,0.000916743,0.66791668,58.2394455,0.694183575,51.07872696,11,48,14,42,0.259848485,0.239386517,0.207697538,0.534237136,0.761704747,0.583734869,0.500545632,0.000922379,0.500545632,-0.018298264
3,1153,4,195,10,35,5,0.095861607,0.715945061,51.06921158,0.687782753,53.80074692,22,40,22,31,0.200952381,0.4,0.267510549,0.337055075,0.6,0.43142633,0.5,0,0.5,0
15,2600,4,85,32,20,1,0.078972607,0.733169882,50.41978531,0.688015016,53.80074692,10,52,10,43,0.100952381,0.2,0.134177215,0.437055075,0.8,0.564759663,0.5,0,0.5,0
16,3052,2,15,48,15,1,0.022142467,0.692230822,53.74831772,0.688405075,53.61027069,0,62,0,53,0,0,0,0.536102694,1,0.697243739,0.5,0,0.5,0
19,8475,4,190,32,30,2,0.048569591,0.71776839,51.54871826,0.687768884,53.80074692,10,52,10,43,0.100952381,0.2,0.134177215,0.437055075,0.8,0.564759663,0.5,0,0.5,0
27,8585,4,150,14,35,4,0.019912319,0.707545771,49.84940643,0.687902525,53.61027069,0,62,0,53,0,0,0,0.536102694,1,0.697243739,0.5,0,0.5,0
28,4412,4,105,40,35,3,0.067651027,0.775301516,52.19847107,0.687738101,53.61027069,11,50,11,42,0.1,0.2,0.133333333,0.436102694,0.8,0.563910406,0.5,0,0.5,0
29,2629,4,180,12,20,2,0.055186035,0.729805148,52.07644272,0.68815258,53.80074692,22,40,22,31,0.200952381,0.4,0.267510549,0.337055075,0.6,0.43142633,0.5,0,0.5,0
33,9691,2,80,24,10,5,0.045666498,0.757111298,50.65807724,0.688074157,53.61027069,0,62,0,53,0,0,0,0.536102694,1,0.697243739,0.5,0,0.5,0
40,4452,3,120,16,45,4,0.043464266,0.711321349,51.36259003,0.687795804,53.61027069,0,62,0,53,0,0,0,0.536102694,1,0.697243739,0.5,0,0.5,0
41,1288,2,175,10,45,5,0.043334891,0.719055434,50.64466095,0.687772694,53.80074692,10,52,10,43,0.100952381,0.2,0.134177215,0.437055075,0.8,0.564759663,0.5,0,0.5,0
45,1595,3,95,16,45,1,0.084086139,0.714947987,52.57215805,0.687844664,53.80074692,10,52,10,43,0.100952381,0.2,0.134177215,0.437055075,0.8,0.564759663,0.5,0,0.5,0
56,4809,3,40,8,20,5,0.002161635,0.690593233,53.2601387,0.687452449,53.61027069,0,62,0,53,0,0,0,0.536102694,1,0.697243739,0.5,0,0.5,0
60,7534,4,195,32,20,5,0.004621066,0.693230988,53.72434921,0.687773913,53.61027069,0,62,0,53,0,0,0,0.536102694,1,0.697243739,0.5,0,0.5,0
72,9400,4,90,12,40,5,0.01466803,0.693667658,52.09452667,0.688411236,53.61027069,0,62,0,53,0,0,0,0.536102694,1,0.697243739,0.5,0,0.5,0
77,1432,4,110,8,40,3,0.009659728,0.693276209,53.49760513,0.688521598,53.61027069,0,62,0,53,0,0,0,0.536102694,1,0.697243739,0.5,0,0.5,0
85,2928,3,80,40,5,4,0.033598704,0.748300758,51.21673889,0.689411662,52.57578735,11,50,12,42,0.094827586,0.2,0.128654971,0.43093028,0.8,0.559390632,0.5,0,0.5,0
86,5241,4,145,12,20,0,0.007367143,0.69477506,52.24814301,0.688271369,53.61027069,11,50,11,42,0.1,0.2,0.133333333,0.436102694,0.8,0.563910406,0.5,0,0.5,0
93,1929,4,100,12,45,0,0.033240415,0.728470409,48.08558273,0.688171199,53.80074692,10,52,10,43,0.100952381,0.2,0.134177215,0.437055075,0.8,0.564759663,0.5,0,0.5,0
96,1676,4,40,10,30,3,0.099630061,0.701604395,52.03776627,0.688069076,53.61027069,11,50,11,42,0.1,0.2,0.133333333,0.436102694,0.8,0.563910406,0.5,0,0.5,0
99,6914,4,10,14,40,0,0.008496297,0.691749269,53.39017334,0.6897936,53.61027069,0,62,0,53,0,0,0,0.536102694,1,0.697243739,0.5,0,0.5,0
102,6993,3,30,10,15,5,0.003093192,0.691292637,53.93983078,0.68838642,53.61027069,0,62,0,53,0,0,0,0.536102694,1,0.697243739,0.5,0,0.5,0
103,9907,4,125,24,10,2,0.012313321,0.696530082,51.75946732,0.687766055,53.61027069,0,62,0,53,0,0,0,0.536102694,1,0.697243739,0.5,0,0.5,0
128,3559,4,145,10,40,1,0.002753269,0.693589476,52.96840591,0.688982469,53.61027069,0,62,0,53,0,0,0,0.536102694,1,0.697243739,0.5,0,0.5,0
130,1747,3,55,10,25,5,0.026530405,0.69564463,51.5911171,0.688828768,53.61027069,0,62,0,53,0,0,0,0.536102694,1,0.697243739,0.5,0,0.5,0
135,8019,4,100,14,20,4,0.013146636,0.693155237,52.50755768,0.6892268,53.61027069,0,62,0,53,0,0,0,0.536102694,1,0.697243739,0.5,0,0.5,0
138,7725,4,195,8,15,1,0.002299272,0.692159356,53.50864716,0.690590389,53.61027069,0,62,0,53,0,0,0,0.536102694,1,0.697243739,0.5,0,0.5,0
139,7971,4,70,24,10,5,0.058914807,0.749769187,52.30019379,0.701151918,53.80074692,22,40,22,31,0.200952381,0.4,0.267510549,0.337055075,0.6,0.43142633,0.5,0,0.5,0
118,5022,4,35,12,25,0,0.000241283,0.677622447,57.22922897,0.690130783,52.03670349,9,51,11,44,0.177812018,0.168867624,0.172138266,0.540035251,0.83141706,0.640973196,0.500142342,-0.000259681,0.500142342,-0.019992953
37,9013,4,185,40,15,2,0.010526646,0.696098586,52.26783371,0.686031476,53.43785629,0,62,0,53,0.066666667,0.003636364,0.006896552,0.535355059,0.993442623,0.695022816,0.498539493,-0.003063457,0.498539493,-0.009189248
79,5050,1,145,8,35,3,0.024859208,0.69366046,54.35644455,0.686934651,52.36446915,11,49,13,42,0.184639017,0.214262872,0.181199811,0.514311162,0.758436104,0.57503509,0.486349488,-0.02829304,0.486349488,-0.0510479
31,3094,4,140,32,10,2,0.000640994,0.674751799,57.92607117,0.713184797,46.42674408,35,18,44,18,0.447301444,0.662361021,0.531423834,0.506847969,0.295469895,0.368224311,0.478915458,-0.042292931,0.478915458,-0.043957579
